caso de estudio,aspecto,valor,unidad,respecto de,cambio,condición,quién lo sostiene,inferido,oración,fragmento literal,Fuente
una parte del suelo del patio de la escuela de Valdemora,posición relativa del suelo,más baja,Sin información,el camino que la rodea,Sin información,Sin información,autor,no,1,"En el patio de la escuela de Valdemora, una parte del suelo está más baja que el camino que la rodea",[1]
plantas de la parte baja del patio,ancho de las hojas,estrechas,Sin información,Sin información,Sin información,Sin información,autor,sí,2,Allí crecen plantas de hojas estrechas,[1]
plantas de la parte baja del patio,flexibilidad de los tallos,flexibles,Sin información,Sin información,Sin información,Sin información,autor,sí,2,Allí crecen plantas de [...] tallos flexibles,[1]
la parte baja del patio,apariencia,corriente,Sin información,un jardín corriente,Sin información,Sin información,autor,sí,3,Parece un jardín corriente,[1]
función de la forma de la parte baja del patio,objetivo,recibir parte del agua que baja del pavimento cuando llueve,Sin información,Sin información,Sin información,Sin información,autor,sí,3,su forma tiene una función: recibir parte del agua que baja del pavimento cuando llueve,[1]
punto de entrada del agua,ubicación,entre las piedras del borde,Sin información,Sin información,Sin información,Sin información,autor,no,4,El agua entra por una abertura entre las piedras del borde,[1]
penetración del agua en la tierra,velocidad,lentamente,Sin información,Sin información,Sin información,Sin información,autor,no,5,penetrar lentamente en la tierra,[1]
salida del exceso de agua,mecanismo,un conducto situado cerca del borde superior,Sin información,Sin información,Sin información,Si llega más agua de la que el terreno admite,autor,sí,6,"Si llega más de la que el terreno admite, un conducto situado cerca del borde superior permite que el exceso salga hacia el desagüe",[1]
Clara Beltrán,cargo o rol,encargada del huerto escolar,Sin información,Sin información,Sin información,Sin información,autor,no,7,"Clara Beltrán, encargada del huerto escolar",[1]
raíces,función,ayudan a mantener pequeños espacios por los que circula el agua,Sin información,Sin información,Sin información,Sin información,Clara Beltrán,no,7,las raíces ayudan a mantener pequeños espacios por los que circula el agua,[1]
suelo muy compacto,capacidad de absorción de agua,con dificultad,Sin información,Sin información,Sin información,Sin información,Clara Beltrán,sí,8,un suelo muy compacto puede absorberla con dificultad,[1]
tierra del jardín,preparación antes de plantar,se retiraron cascotes y se mezcló la tierra con material más suelto,Sin información,Sin información,Sin información,antes de plantar,autor,sí,9,antes de plantar se retiraron cascotes y se mezcló la tierra con material más suelto,[1]
volumen de agua vertido en el jardín,volumen,unos 20,litros,Sin información,Sin información,durante una demostración,autor,no,10,Durante una demostración se vertieron unos 20 litros en el jardín,[1]
volumen de agua vertido sobre el camino,volumen,semejante,Sin información,unos 20 litros,Sin información,durante una demostración,autor,sí,10,una cantidad semejante sobre el camino,[1]
agua en el jardín,comportamiento en la superficie,fue desapareciendo,Sin información,Sin información,fue desapareciendo de la superficie,tras verter la agua,autor,sí,11,"en el primero, el agua fue desapareciendo de la superficie",[1]
camino,resultado tras verter el agua,un charco visible,Sin información,Sin información,Sin información,tras verter la cantidad semejante de agua,autor,sí,11,En este último quedó un charco visible,[1]
demostración,capacidad probatoria de recoger toda la lluvia de una tormenta,no prueba,Sin información,Sin información,Sin información,Sin información,autor,sí,12,no prueba que el jardín pueda recoger toda la lluvia de una tormenta,[1]
